{
    "image_auroc": 0.973854961832061,
    "pixel_auroc": 0.9753137965068078
}