{
    "image_auroc": 0.9480152671755725,
    "pixel_auroc": 0.9778426161451883
}